{
  "src": "students",
  "src_type": "src_layer",
  "studentsMetaSchema": [
    {
      "metaName": "name",
      "metaDatatype": "string"
    },
    {
      "metaName": "age",
      "metaDatatype": "Double"
    },
    {
      "metaName": "work",
      "metaDatatype": "string"

    },
    {
      "metaName": "salary",
      "metaDatatype": "int"

    }


  ],
      "src_source_input_path": "C://Users//Hp X360//Python_Spark//pyspark_shell_scritping_checking//src_layer//data//students//source_data_layer//source_data//students.csv",
      "src_target_location_path": "C://Users//Hp X360//Python_Spark//pyspark_shell_scritping_checking//src_layer//data//students//source_data_layer//target"
  
}


